occupation_code	occupation_text	display_level	selectable	sort_sequence
000000	All occupations	0	T	1
111011	Chief executives	4	T	5
11101X	Chief executives	3	T	4
111021	General and operations managers	4	T	7
11102X	General and operations managers	3	T	6
111031	Legislators	4	T	9
11103X	Legislators	3	T	8
111XXX	Top executives	2	T	3
112011	Advertising and promotions managers	4	T	12
11201X	Advertising and promotions managers	3	T	11
112021	Marketing managers	4	T	14
112022	Sales managers	4	T	15
11202X	Marketing and sales managers	3	T	13
112031	Public relations and fundraising managers	4	T	17
11203X	Public relations and fundraising managers	3	T	16
112XXX	Advertising, marketing, promotions, public relations, and sales managers	2	T	10
113011	Administrative services managers	4	T	22
11301X	Administrative services and facilities managers	3	T	21
113021	Computer and information systems managers	4	T	26
11302X	Computer and information systems managers	3	T	25
113031	Financial managers	4	T	28
11303X	Financial managers	3	T	27
113051	Industrial production managers	4	T	30
11305X	Industrial production managers	3	T	29
113061	Purchasing managers	4	T	32
11306X	Purchasing managers	3	T	31
113071	Transportation, storage, and distribution managers	4	T	34
11307X	Transportation, storage, and distribution managers	3	T	33
113121	Human resources managers	4	T	38
11312X	Human resources managers	3	T	37
113131	Training and development managers	4	T	40
11313X	Training and development managers	3	T	39
113XXX	Operations specialties managers	2	T	20
119013	Farmers, ranchers, and other agricultural managers	4	T	43
11901X	Farmers, ranchers, and other agricultural managers	3	T	42
119021	Construction managers	4	T	45
11902X	Construction managers	3	T	44
119032	Education administrators, kindergarten through secondary	4	T	48
119033	Education administrators, postsecondary	4	T	49
11903X	Education and childcare administrators	3	T	46
119041	Architectural and engineering managers	4	T	51
11904X	Architectural and engineering managers	3	T	50
119051	Food service managers	4	T	53
11905X	Food service managers	3	T	52
119061	Funeral service managers	4	T	55
11906X	Funeral service managers	3	T	54
119071	Gambling managers	4	T	57
119072	Entertainment and recreation managers, except gambling	4	T	58
11907X	Entertainment and recreation managers	3	T	56
119081	Lodging managers	4	T	60
11908X	Lodging managers	3	T	59
119111	Medical and health services managers	4	T	62
11911X	Medical and health services managers	3	T	61
119121	Natural sciences managers	4	T	64
11912X	Natural sciences managers	3	T	63
119131	Postmasters and mail superintendents	4	T	66
11913X	Postmasters and mail superintendents	3	T	65
119141	Property, real estate, and community association managers	4	T	68
11914X	Property, real estate, and community association managers	3	T	67
119151	Social and community service managers	4	T	70
11915X	Social and community service managers	3	T	69
119171	Funeral home managers	4	T	74
11917X	Personal service managers	3	T	73
11919X	Miscellaneous managers	3	T	75
119XXX	Other management occupations	2	T	41
11XXXX	Management occupations	1	T	2
131011	Agents and business managers of artists, performers, and athletes	4	T	79
13101X	Agents and business managers of artists, performers, and athletes	3	T	78
131021	Buyers and purchasing agents, farm products	4	T	81
131022	Wholesale and retail buyers, except farm products	4	T	82
131023	Purchasing agents, except wholesale, retail, and farm products	4	T	83
13102X	Buyers and purchasing agents	3	T	80
131031	Claims adjusters, examiners, and investigators	4	T	85
13103X	Claims adjusters, appraisers, examiners, and investigators	3	T	84
131041	Compliance officers	4	T	88
13104X	Compliance officers	3	T	87
131051	Cost estimators	4	T	90
13105X	Cost estimators	3	T	89
131071	Human resources specialists	4	T	92
131075	Labor relations specialists	4	T	94
13107X	Human resources workers	3	T	91
131081	Logisticians	4	T	96
131082	Project management specialists	4	T	97
13108X	Logisticians and project management specialists	3	T	95
131111	Management analysts	4	T	99
13111X	Management analysts	3	T	98
131121	Meeting, convention, and event planners	4	T	101
13112X	Meeting, convention, and event planners	3	T	100
131131	Fundraisers	4	T	103
13113X	Fundraisers	3	T	102
131151	Training and development specialists	4	T	107
13115X	Training and development specialists	3	T	106
131161	Market research analysts and marketing specialists	4	T	109
13116X	Market research analysts and marketing specialists	3	T	108
13119X	Miscellaneous business operations specialists	3	T	110
131XXX	Business operations specialists	2	T	77
132011	Accountants and auditors	4	T	113
13201X	Accountants and auditors	3	T	112
132021	Appraisers and assessors of real estate	4	T	115
13202X	Property appraisers and assessors	3	T	114
132051	Financial and investment analysts	4	T	123
132052	Personal financial advisors	4	T	124
132053	Insurance underwriters	4	T	125
13205X	Financial analysts and advisors	3	T	122
132072	Loan officers	4	T	131
13207X	Credit counselors and loan officers	3	T	129
132081	Tax examiners and collectors, and revenue agents	4	T	133
132082	Tax preparers	4	T	134
13208X	Tax examiners, collectors and preparers, and revenue agents	3	T	132
13209X	Miscellaneous financial specialists	3	T	135
132XXX	Financial specialists	2	T	111
13XXXX	Business and financial operations occupations	1	T	76
151111	Computer and information research scientists	4	T	140
15111X	Computer and information research scientists	3	T	139
151121	Computer systems analysts	4	T	142
151122	Information security analysts	4	T	143
15112X	Computer and information analysts	3	T	141
151131	Computer programmers	4	T	145
151132	Software developers, applications	4	T	146
151133	Software developers, systems software	4	T	147
15113X	Software developers and programmers	3	T	144
151141	Database administrators	4	T	150
151143	Computer network architects	4	T	152
15114X	Database and systems administrators and network architects	3	T	149
151151	Computer user support specialists	4	T	154
151152	Computer network support specialists	4	T	155
15115X	Computer support specialists	3	T	153
15119X	Miscellaneous computer occupations	3	T	156
1511XX	Computer occupations	3	T	138
151212	Information security analysts	4	T	160
15121X	Computer and information analysts	3	T	158
151231	Computer network support specialists	4	T	164
151232	Computer user support specialists	4	T	165
15123X	Computer support specialists	3	T	163
151252	Software developers	4	T	173
15125X	Software and web developers, programmers, and testers	3	T	171
1512XX	Computer occupations	2	T	157
151XXX	Computer specialists	2	T	137
152031	Operations research analysts	4	T	183
15203X	Operations research analysts	3	T	182
152041	Statisticians	4	T	185
15204X	Statisticians	3	T	184
152XXX	Mathematical science occupations	2	T	177
15XXXX	Computer and mathematical occupations	1	T	136
171011	Architects, except landscape and naval	4	T	193
17101X	Architects, except naval	3	T	192
171022	Surveyors	4	T	197
17102X	Surveyors, cartographers, and photogrammetrists	3	T	195
171XXX	Architects, surveyors, and cartographers	2	T	191
172011	Aerospace engineers	4	T	200
17201X	Aerospace engineers	3	T	199
172031	Bioengineers and biomedical engineers	4	T	204
17203X	Bioengineers and biomedical engineers	3	T	203
172051	Civil engineers	4	T	208
17205X	Civil engineers	3	T	207
172061	Computer hardware engineers	4	T	210
17206X	Computer hardware engineers	3	T	209
172071	Electrical engineers	4	T	212
172072	Electronics engineers, except computer	4	T	213
17207X	Electrical and electronics engineers	3	T	211
172081	Environmental engineers	4	T	215
17208X	Environmental engineers	3	T	214
172112	Industrial engineers	4	T	218
17211X	Industrial engineers, including health and safety	3	T	216
172121	Marine engineers and naval architects	4	T	220
17212X	Marine engineers and naval architects	3	T	219
172131	Materials engineers	4	T	222
17213X	Materials engineers	3	T	221
172141	Mechanical engineers	4	T	224
17214X	Mechanical engineers	3	T	223
172151	Mining and geological engineers, including mining safety engineers	4	T	226
17215X	Mining and geological engineers, including mining safety engineers	3	T	225
172171	Petroleum engineers	4	T	230
17217X	Petroleum engineers	3	T	229
17219X	Miscellaneous engineers	3	T	231
172XXX	Engineers	2	T	198
173011	Architectural and civil drafters	4	T	234
17301X	Drafters	3	T	233
173022	Civil engineering technologists and technicians	4	T	239
173023	Electrical and electronic engineering technologists and technicians	4	T	240
173025	Environmental engineering technologists and technicians	4	T	242
173026	Industrial engineering technologists and technicians	4	T	243
173027	Mechanical engineering technologists and technicians	4	T	244
17302X	Engineering technologists and technicians, except drafters	3	T	237
173031	Surveying and mapping technicians	4	T	247
17303X	Surveying and mapping technicians	3	T	246
173XXX	Drafters, engineering technicians, and mapping technicians	2	T	232
17XXXX	Architecture and engineering occupations	1	T	190
191013	Soil and plant scientists	4	T	253
19101X	Agricultural and food scientists	3	T	250
191022	Microbiologists	4	T	256
191023	Zoologists and wildlife biologists	4	T	257
19102X	Biological scientists	3	T	254
191031	Conservation scientists	4	T	259
191032	Foresters	4	T	260
19103X	Conservation scientists and foresters	3	T	258
191041	Epidemiologists	4	T	262
191042	Medical scientists, except epidemiologists	4	T	263
19104X	Medical scientists	3	T	261
191XXX	Life scientists	2	T	249
192031	Chemists	4	T	272
19203X	Chemists and materials scientists	3	T	271
192041	Environmental scientists and specialists, including health	4	T	275
192042	Geoscientists, except hydrologists and geographers	4	T	276
192043	Hydrologists	4	T	277
19204X	Environmental scientists and geoscientists	3	T	274
192XXX	Physical scientists	2	T	265
193011	Economists	4	T	281
19301X	Economists	3	T	280
193031	Clinical, counseling, and school psychologists	4	T	285
19303X	Psychologists	3	T	284
193051	Urban and regional planners	4	T	292
19305X	Urban and regional planners	3	T	291
193094	Political scientists	4	T	297
19309X	Miscellaneous social scientists and related workers	3	T	293
193XXX	Social scientists and related workers	2	T	279
194011	Agricultural and food science technicians	4	T	300
19401X	Agricultural and food science technicians	3	T	299
194021	Biological technicians	4	T	304
19402X	Biological technicians	3	T	303
194031	Chemical technicians	4	T	306
19403X	Chemical technicians	3	T	305
194041	Geological and petroleum technicians	4	T	308
19404X	Environmental science and geoscience technicians	3	T	307
194051	Nuclear technicians	4	T	313
19405X	Nuclear technicians	3	T	312
194071	Forest and conservation technicians	4	T	317
19407X	Forest and conservation technicians	3	T	316
194091	Environmental science and protection technicians, including health	4	T	319
194092	Forensic science technicians	4	T	320
194093	Forest and conservation technicians	4	T	321
19409X	Miscellaneous life, physical, and social science technicians	3	T	318
194XXX	Life, physical, and social science technicians	2	T	298
195011	Occupational health and safety specialists	4	T	324
19501X	Occupational health and safety specialists and technicians	3	T	323
195XXX	Occupational health and safety specialists and technicians	2	T	322
19XXXX	Life, physical, and social science occupations	1	T	248
211011	Substance abuse and behavioral disorder counselors	4	T	329
211012	Educational, guidance, and career counselors and advisors	4	T	330
211014	Mental health counselors	4	T	332
211015	Rehabilitation counselors	4	T	333
21101X	Counselors	3	T	328
211021	Child, family, and school social workers	4	T	335
211022	Healthcare social workers	4	T	336
211023	Mental health and substance abuse social workers	4	T	337
21102X	Social workers	3	T	334
211092	Probation officers and correctional treatment specialists	4	T	340
211093	Social and human service assistants	4	T	341
21109X	Miscellaneous community and social service specialists	3	T	338
211XXX	Counselors, social workers, and other community and social service specialists	2	T	327
212011	Clergy	4	T	345
21201X	Clergy	3	T	344
212021	Directors, religious activities and education	4	T	347
21202X	Directors, religious activities and education	3	T	346
21209X	Miscellaneous religious workers	3	T	348
212XXX	Religious workers	2	T	343
21XXXX	Community and social service occupations	1	T	326
231011	Lawyers	4	T	352
23101X	Lawyers and judicial law clerks	3	T	351
231023	Judges, magistrate judges, and magistrates	4	T	357
23102X	Judges, magistrates, and other judicial workers	3	T	354
231XXX	Lawyers, judges, and related workers	2	T	350
232011	Paralegals and legal assistants	4	T	360
23201X	Paralegals and legal assistants	3	T	359
232XXX	Legal support workers	2	T	358
23XXXX	Legal occupations	1	T	349
251011	Business teachers, postsecondary	4	T	367
25101X	Business teachers, postsecondary	3	T	366
251021	Computer science teachers, postsecondary	4	T	369
251022	Mathematical science teachers, postsecondary	4	T	370
25102X	Math and computer science teachers, postsecondary	3	T	368
251032	Engineering teachers, postsecondary	4	T	373
25103X	Engineering and architecture teachers, postsecondary	3	T	371
251054	Physics teachers, postsecondary	4	T	382
25105X	Physical sciences teachers, postsecondary	3	T	378
251071	Health specialties teachers, postsecondary	4	T	392
25107X	Health teachers, postsecondary	3	T	391
251081	Education teachers, postsecondary	4	T	395
25108X	Education and library science teachers, postsecondary	3	T	394
251123	English language and literature teachers, postsecondary	4	T	404
25112X	Arts, communications, history, and humanities teachers, postsecondary	3	T	401
251193	Recreation and fitness studies teachers, postsecondary	4	T	411
251194	Career/technical education teachers, postsecondary	4	T	412
25119X	Miscellaneous postsecondary teachers	3	T	408
251XXX	Postsecondary teachers	2	T	365
252021	Elementary school teachers, except special education	4	T	418
252022	Middle school teachers, except special and career/technical education	4	T	419
25202X	Elementary and middle school teachers	3	T	417
252031	Secondary school teachers, except special and career/technical education	4	T	422
252032	Career/technical education teachers, secondary school	4	T	423
25203X	Secondary school teachers	3	T	421
252051	Special education teachers, preschool	4	T	425
252052	Special education teachers, kindergarten and elementary school	4	T	426
252054	Special education teachers, secondary school	4	T	428
25205X	Special education teachers	3	T	424
252XXX	Preschool, elementary, middle, secondary, and special education teachers	2	T	413
253021	Self-enrichment teachers	4	T	437
25302X	Self-enrichment teachers	3	T	436
25309X	Miscellaneous teachers and instructors	3	T	442
253XXX	Other teachers and instructors	2	T	433
254021	Librarians	4	T	449
254022	Librarians and media collections specialists	4	T	450
25402X	Librarians and media collections specialists	3	T	448
254031	Library technicians	4	T	452
25403X	Library technicians	3	T	451
254XXX	Librarians, curators, and archivists	2	T	443
259021	Farm and home management educators	4	T	457
25902X	Farm and home management educators	3	T	456
259041	Teacher assistants	4	T	461
259042	Teaching assistants, preschool, elementary, middle, and secondary school, except special education	4	T	462
25904X	Teaching assistants	3	T	460
259XXX	Other educational instruction and library occupations	2	T	453
25XXXX	Educational instruction and library occupations	1	T	364
271012	Craft artists	4	T	470
271013	Fine artists, including painters, sculptors, and illustrators	4	T	471
27101X	Artists and related workers	3	T	468
271021	Commercial and industrial designers	4	T	474
271023	Floral designers	4	T	476
271024	Graphic designers	4	T	477
271025	Interior designers	4	T	478
271026	Merchandise displayers and window trimmers	4	T	479
27102X	Designers	3	T	473
271XXX	Art and design workers	2	T	467
272011	Actors	4	T	483
272012	Producers and directors	4	T	484
27201X	Actors, producers, and directors	3	T	482
272021	Athletes and sports competitors	4	T	486
272022	Coaches and scouts	4	T	487
272023	Umpires, referees, and other sports officials	4	T	488
27202X	Athletes, coaches, umpires, and related workers	3	T	485
272031	Dancers	4	T	490
27203X	Dancers and choreographers	3	T	489
272041	Music directors and composers	4	T	493
272042	Musicians and singers	4	T	494
27204X	Musicians, singers, and related workers	3	T	492
27209X	Miscellaneous entertainers and performers, sports and related workers	3	T	495
272XXX	Entertainers and performers, sports and related workers	2	T	481
273011	Broadcast announcers and radio disc jockeys	4	T	499
273012	Public address system and other announcers	4	T	500
27301X	Broadcast announcers and radio disc jockeys	3	T	498
273022	Reporters and correspondents	4	T	503
27302X	News analysts, reporters and journalists	3	T	501
273031	Public relations specialists	4	T	506
27303X	Public relations specialists	3	T	505
273041	Editors	4	T	508
273043	Writers and authors	4	T	510
27304X	Writers and editors	3	T	507
273091	Interpreters and translators	4	T	512
27309X	Miscellaneous media and communication workers	3	T	511
273XXX	Media and communication workers	2	T	497
274011	Audio and video technicians	4	T	516
274012	Broadcast technicians	4	T	517
274013	Radio operators	4	T	518
274014	Sound engineering technicians	4	T	519
27401X	Broadcast, sound, and lighting technicians	3	T	515
274021	Photographers	4	T	522
27402X	Photographers	3	T	521
274031	Camera operators, television, video, and film	4	T	524
27403X	Television, video, and film camera operators and editors	3	T	523
27409X	Miscellaneous media and communication equipment workers	3	T	526
274XXX	Media and communication equipment workers	2	T	514
27XXXX	Arts, design, entertainment, sports, and media occupations	1	T	466
291011	Chiropractors	4	T	530
29101X	Chiropractors	3	T	529
291021	Dentists, general	4	T	532
291022	Oral and maxillofacial surgeons	4	T	533
29102X	Dentists	3	T	531
291031	Dietitians and nutritionists	4	T	537
29103X	Dietitians and nutritionists	3	T	536
291041	Optometrists	4	T	539
29104X	Optometrists	3	T	538
291051	Pharmacists	4	T	541
29105X	Pharmacists	3	T	540
291061	Anesthesiologists	4	T	543
291062	Family and general practitioners	4	T	544
291064	Obstetricians and gynecologists	4	T	546
291066	Psychiatrists	4	T	548
291067	Surgeons	4	T	549
29106X	Physicians and surgeons	3	T	542
291071	Physician assistants	4	T	551
29107X	Physician assistants	3	T	550
291081	Podiatrists	4	T	553
29108X	Podiatrists	3	T	552
291122	Occupational therapists	4	T	555
291123	Physical therapists	4	T	556
291126	Respiratory therapists	4	T	559
291127	Speech-language pathologists	4	T	560
29112X	Therapists	3	T	554
291131	Veterinarians	4	T	563
29113X	Veterinarians	3	T	562
291141	Registered nurses	4	T	565
29114X	Registered nurses	3	T	564
291151	Nurse anesthetists	4	T	567
29115X	Nurse anesthetists	3	T	566
291171	Nurse practitioners	4	T	571
29117X	Nurse practitioners	3	T	570
29119X	Miscellaneous health diagnosing and treating practitioners	3	T	574
291211	Anesthesiologists	4	T	576
291212	Cardiologists	4	T	577
291214	Emergency medicine physicians	4	T	579
291216	General internal medicine physicians	4	T	581
29121X	Physicians	3	T	575
291221	Pediatricians, general	4	T	584
291XXX	Healthcare diagnosing or treating practitioners	2	T	528
292011	Medical and clinical laboratory technologists	4	T	597
292012	Medical and clinical laboratory technicians	4	T	598
29201X	Clinical laboratory technologists and technicians	3	T	596
292032	Diagnostic medical sonographers	4	T	603
292033	Nuclear medicine technologists	4	T	604
292034	Radiologic technologists and technicians	4	T	605
29203X	Diagnostic related technologists and technicians	3	T	601
292041	Emergency medical technicians and paramedics	4	T	609
292042	Emergency medical technicians	4	T	610
292043	Paramedics	4	T	611
29204X	Emergency medical technicians and paramedics	3	T	608
292051	Dietetic technicians	4	T	613
292052	Pharmacy technicians	4	T	614
292053	Psychiatric technicians	4	T	615
292055	Surgical technologists	4	T	617
292056	Veterinary technologists and technicians	4	T	618
292057	Ophthalmic medical technicians	4	T	619
29205X	Health practitioner support technologists and technicians	3	T	612
292061	Licensed practical and licensed vocational nurses	4	T	621
29206X	Licensed practical and licensed vocational nurses	3	T	620
292081	Opticians, dispensing	4	T	626
29208X	Opticians, dispensing	3	T	625
292XXX	Health technologists and technicians	2	T	595
299011	Occupational health and safety specialists	4	T	632
299012	Occupational health and safety technicians	4	T	633
29901X	Occupational health and safety specialists and technicians	3	T	631
299091	Athletic trainers	4	T	637
29909X	Miscellaneous health practitioners and technical workers	3	T	636
299XXX	Other healthcare practitioners and technical occupations	2	T	630
29XXXX	Healthcare practitioners and technical occupations	1	T	527
311011	Home health aides	4	T	643
311013	Psychiatric aides	4	T	644
311014	Nursing assistants	4	T	645
31101X	Nursing, psychiatric, and home health aides	3	T	642
311121	Home health aides	4	T	649
311122	Personal care aides	4	T	650
31112X	Home health and personal care aides	3	T	648
311131	Nursing assistants	4	T	652
311133	Psychiatric aides	4	T	654
31113X	Nursing assistants, orderlies, and psychiatric aides	3	T	651
3111XX	Home health and personal care aides; and nursing assistants, orderlies, and psychiatric aides	3	T	647
311XXX	Nursing, psychiatric, and home health aides	2	T	641
312011	Occupational therapy assistants	4	T	657
31201X	Occupational therapy assistants and aides	3	T	656
312XXX	Occupational therapy and physical therapist assistants and aides	2	T	655
319011	Massage therapists	4	T	664
31901X	Massage therapists	3	T	663
319092	Medical assistants	4	T	667
319093	Medical equipment preparers	4	T	668
319096	Veterinary assistants and laboratory animal caretakers	4	T	671
319097	Phlebotomists	4	T	672
31909X	Miscellaneous healthcare support occupations	3	T	665
319XXX	Other healthcare support occupations	2	T	662
31XXXX	Healthcare support occupations	1	T	640
331011	First-line supervisors of correctional officers	4	T	676
331012	First-line supervisors of police and detectives	4	T	677
33101X	First-line supervisors of law enforcement workers	3	T	675
331021	First-line supervisors of firefighting and prevention workers	4	T	679
33102X	First-line supervisors of firefighting and prevention workers	3	T	678
33109X	Miscellaneous first-line supervisors, protective service workers	3	T	680
331XXX	Supervisors of protective service workers	2	T	674
332011	Firefighters	4	T	684
33201X	Firefighters	3	T	683
332022	Forest fire inspectors and prevention specialists	4	T	687
33202X	Fire inspectors	3	T	685
332XXX	Firefighting and prevention workers	2	T	682
333011	Bailiffs	4	T	690
333012	Correctional officers and jailers	4	T	691
33301X	Bailiffs, correctional officers, and jailers	3	T	689
333021	Detectives and criminal investigators	4	T	693
33302X	Detectives and criminal investigators	3	T	692
333031	Fish and game wardens	4	T	695
33303X	Fish and game wardens	3	T	694
333041	Parking enforcement workers	4	T	697
33304X	Parking enforcement workers	3	T	696
333051	Police and sheriffï¿½s patrol officers	4	T	699
333052	Transit and railroad police	4	T	700
33305X	Police officers	3	T	698
333XXX	Law enforcement workers	2	T	688
339011	Animal control workers	4	T	703
33901X	Animal control workers	3	T	702
339021	Private detectives and investigators	4	T	705
33902X	Private detectives and investigators	3	T	704
339032	Security guards	4	T	708
33903X	Security guards and gambling surveillance officers	3	T	706
339091	Crossing guards and flaggers	4	T	710
339092	Lifeguards, ski patrol, and other recreational protective service workers	4	T	711
339093	Transportation security screeners	4	T	712
339094	School bus monitors	4	T	713
33909X	Miscellaneous protective service workers	3	T	709
339XXX	Other protective service workers	2	T	701
33XXXX	Protective service occupations	1	T	673
351011	Chefs and head cooks	4	T	717
351012	First-line supervisors of food preparation and serving workers	4	T	718
35101X	Supervisors of food preparation and serving workers	3	T	716
351XXX	Supervisors of food preparation and serving workers	2	T	715
352011	Cooks, fast food	4	T	721
352012	Cooks, institution and cafeteria	4	T	722
352014	Cooks, restaurant	4	T	724
35201X	Cooks	3	T	720
352021	Food preparation workers	4	T	727
35202X	Food preparation workers	3	T	726
352XXX	Cooks and food preparation workers	2	T	719
353011	Bartenders	4	T	730
35301X	Bartenders	3	T	729
353021	Combined food preparation and serving workers, including fast food	4	T	732
353022	Counter attendants, cafeteria, food concession, and coffee shop	4	T	733
353023	Fast food and counter workers	4	T	734
35302X	Fast food and counter workers	3	T	731
353031	Waiters and waitresses	4	T	736
35303X	Waiters and waitresses	3	T	735
353041	Food servers, nonrestaurant	4	T	738
35304X	Food servers, nonrestaurant	3	T	737
353XXX	Food and beverage serving workers	2	T	728
359011	Dining room and cafeteria attendants and bartender helpers	4	T	741
35901X	Dining room and cafeteria attendants and bartender helpers	3	T	740
359021	Dishwashers	4	T	743
35902X	Dishwashers	3	T	742
359031	Hosts and hostesses, restaurant, lounge, and coffee shop	4	T	745
35903X	Hosts and hostesses, restaurant, lounge, and coffee shop	3	T	744
35909X	Miscellaneous food preparation and serving related workers	3	T	746
359XXX	Other food preparation and serving related workers	2	T	739
35XXXX	Food preparation and serving related occupations	1	T	714
371011	First-line supervisors of housekeeping and janitorial workers	4	T	750
371012	First-line supervisors of landscaping, lawn service, and groundskeeping workers	4	T	751
37101X	First-line supervisors of building and grounds cleaning and maintenance workers	3	T	749
371XXX	Supervisors of building and grounds cleaning and maintenance workers	2	T	748
372011	Janitors and cleaners, except maids and housekeeping cleaners	4	T	754
372012	Maids and housekeeping cleaners	4	T	755
37201X	Building cleaning workers	3	T	753
372021	Pest control workers	4	T	757
37202X	Pest control workers	3	T	756
372XXX	Building cleaning and pest control workers	2	T	752
373011	Landscaping and groundskeeping workers	4	T	760
373012	Pesticide handlers, sprayers, and applicators, vegetation	4	T	761
373013	Tree trimmers and pruners	4	T	762
37301X	Grounds maintenance workers	3	T	759
373XXX	Grounds maintenance workers	2	T	758
37XXXX	Building and grounds cleaning and maintenance occupations	1	T	747
391014	First-line supervisors of entertainment and recreation workers, except gambling services	4	T	769
39101X	First-line supervisors of entertainment and recreation workers	3	T	765
391021	First-line supervisors of personal service workers	4	T	771
391022	First-line supervisors of personal service workers	4	T	772
39102X	First-line supervisors of personal service workers	3	T	770
391XXX	Supervisors of personal care and service workers	2	T	764
392011	Animal trainers	4	T	775
39201X	Animal trainers	3	T	774
392021	Animal caretakers	4	T	777
39202X	Animal caretakers	3	T	776
392XXX	Animal care and service workers	2	T	773
393012	Gambling and sports book writers and runners	4	T	781
39301X	Gambling services workers	3	T	779
393031	Ushers, lobby attendants, and ticket takers	4	T	785
39303X	Ushers, lobby attendants, and ticket takers	3	T	784
393091	Amusement and recreation attendants	4	T	787
39309X	Miscellaneous entertainment attendants and related workers	3	T	786
393XXX	Entertainment attendants and related workers	2	T	778
394021	Funeral attendants	4	T	795
39402X	Funeral attendants	3	T	794
394031	Morticians, undertakers, and funeral arrangers	4	T	797
39403X	Morticians, undertakers, and funeral arrangers	3	T	796
394XXX	Funeral service workers	2	T	790
395011	Barbers	4	T	800
395012	Hairdressers, hairstylists, and cosmetologists	4	T	801
39501X	Barbers, hairdressers, hairstylists and cosmetologists	3	T	799
395092	Manicurists and pedicurists	4	T	804
39509X	Miscellaneous personal appearance workers	3	T	802
395XXX	Personal appearance workers	2	T	798
397011	Tour guides and escorts	4	T	813
397012	Travel guides	4	T	814
39701X	Tour and travel guides	3	T	812
397XXX	Tour and travel guides	2	T	811
399011	Childcare workers	4	T	817
39901X	Childcare workers	3	T	816
399021	Personal care aides	4	T	819
39902X	Personal care aides	3	T	818
399031	Exercise trainers and group fitness instructors	4	T	821
399032	Recreation workers	4	T	822
39903X	Recreation and fitness workers	3	T	820
399041	Residential advisors	4	T	824
39904X	Residential advisors	3	T	823
39909X	Miscellaneous personal care and service workers	3	T	825
399XXX	Other personal care and service workers	2	T	815
39XXXX	Personal care and service occupations	1	T	763
411011	First-line supervisors of retail sales workers	4	T	829
411012	First-line supervisors of non-retail sales workers	4	T	830
41101X	First-line supervisors of sales workers	3	T	828
411XXX	Supervisors of sales workers	2	T	827
412011	Cashiers	4	T	833
412012	Gambling change persons and booth cashiers	4	T	834
41201X	Cashiers	3	T	832
412021	Counter and rental clerks	4	T	836
412022	Parts salespersons	4	T	837
41202X	Counter and rental clerks and parts salespersons	3	T	835
412031	Retail salespersons	4	T	839
41203X	Retail salespersons	3	T	838
412XXX	Retail sales workers	2	T	831
413011	Advertising sales agents	4	T	842
41301X	Advertising sales agents	3	T	841
413021	Insurance sales agents	4	T	844
41302X	Insurance sales agents	3	T	843
413031	Securities, commodities, and financial services sales agents	4	T	846
41303X	Securities, commodities, and financial services sales agents	3	T	845
413041	Travel agents	4	T	848
41304X	Travel agents	3	T	847
413091	Sales representatives of services, except advertising, insurance, financial services, and travel	4	T	850
41309X	Miscellaneous sales representatives, services	3	T	849
413XXX	Sales representatives, services	2	T	840
414011	Sales representatives, wholesale and manufacturing, technical and scientific products	4	T	853
414012	Sales representatives, wholesale and manufacturing, except technical and scientific products	4	T	854
41401X	Sales representatives, wholesale and manufacturing	3	T	852
414XXX	Sales representatives, wholesale and manufacturing	2	T	851
419011	Demonstrators and product promoters	4	T	857
419012	Models	4	T	858
41901X	Models, demonstrators, and product promoters	3	T	856
419021	Real estate brokers	4	T	860
419022	Real estate sales agents	4	T	861
41902X	Real estate brokers and sales agents	3	T	859
419031	Sales engineers	4	T	863
41903X	Sales engineers	3	T	862
419041	Telemarketers	4	T	865
41904X	Telemarketers	3	T	864
419091	Door-to-door sales workers, news and street vendors, and related workers	4	T	867
41909X	Miscellaneous sales and related workers	3	T	866
419XXX	Other sales and related workers	2	T	855
41XXXX	Sales and related occupations	1	T	826
431011	First-line supervisors of office and administrative support workers	4	T	871
43101X	First-line supervisors of office and administrative support workers	3	T	870
431XXX	Supervisors of office and administrative support workers	2	T	869
433011	Bill and account collectors	4	T	880
43301X	Bill and account collectors	3	T	879
433021	Billing and posting clerks	4	T	882
43302X	Billing and posting clerks	3	T	881
433031	Bookkeeping, accounting, and auditing clerks	4	T	884
43303X	Bookkeeping, accounting, and auditing clerks	3	T	883
433061	Procurement clerks	4	T	890
43306X	Procurement clerks	3	T	889
433071	Tellers	4	T	892
43307X	Tellers	3	T	891
43309X	Miscellaneous financial clerks	3	T	893
433XXX	Financial clerks	2	T	878
434031	Court, municipal, and license clerks	4	T	900
43403X	Court, municipal, and license clerks	3	T	899
434051	Customer service representatives	4	T	904
43405X	Customer service representatives	3	T	903
434061	Eligibility interviewers, government programs	4	T	906
43406X	Eligibility interviewers, government programs	3	T	905
434071	File clerks	4	T	908
43407X	File clerks	3	T	907
434081	Hotel, motel, and resort desk clerks	4	T	910
43408X	Hotel, motel, and resort desk clerks	3	T	909
434111	Interviewers, except eligibility and loan	4	T	912
43411X	Interviewers, except eligibility and loan	3	T	911
434121	Library assistants, clerical	4	T	914
43412X	Library assistants, clerical	3	T	913
434141	New accounts clerks	4	T	918
43414X	New accounts clerks	3	T	917
434171	Receptionists and information clerks	4	T	924
43417X	Receptionists and information clerks	3	T	923
43419X	Miscellaneous information and record clerks	3	T	927
434XXX	Information and record clerks	2	T	894
435011	Cargo and freight agents	4	T	930
43501X	Cargo and freight agents	3	T	929
435021	Couriers and messengers	4	T	932
43502X	Couriers and messengers	3	T	931
435032	Dispatchers, except police, fire, and ambulance	4	T	935
43503X	Dispatchers	3	T	933
435041	Meter readers, utilities	4	T	937
43504X	Meter readers, utilities	3	T	936
435051	Postal service clerks	4	T	939
435052	Postal service mail carriers	4	T	940
43505X	Postal service workers	3	T	938
435061	Production, planning, and expediting clerks	4	T	943
43506X	Production, planning, and expediting clerks	3	T	942
435071	Shipping, receiving, and inventory clerks	4	T	945
43507X	Shipping, receiving, and inventory clerks	3	T	944
435081	Stock clerks and order fillers	4	T	947
43508X	Stock clerks and order fillers	3	T	946
435111	Weighers, measurers, checkers, and samplers, recordkeeping	4	T	949
43511X	Weighers, measurers, checkers, and samplers, recordkeeping	3	T	948
435XXX	Material recording, scheduling, dispatching, and distributing workers	2	T	928
436011	Executive secretaries and executive administrative assistants	4	T	952
436012	Legal secretaries and administrative assistants	4	T	953
436013	Medical secretaries and administrative assistants	4	T	954
436014	Secretaries and administrative assistants, except legal, medical, and executive	4	T	955
43601X	Secretaries and administrative assistants	3	T	951
436XXX	Secretaries and administrative assistants	2	T	950
439041	Insurance claims and policy processing clerks	4	T	965
43904X	Insurance claims and policy processing clerks	3	T	964
439061	Office clerks, general	4	T	969
43906X	Office clerks, general	3	T	968
43919X	Miscellaneous office and administrative support workers	3	T	976
439XXX	Other office and administrative support workers	2	T	956
43XXXX	Office and administrative support occupations	1	T	868
451011	First-line supervisors of farming, fishing, and forestry workers	4	T	980
45101X	First-line supervisors of farming, fishing, and forestry workers	3	T	979
451XXX	Supervisors of farming, fishing, and forestry workers	2	T	978
452011	Agricultural inspectors	4	T	983
45201X	Agricultural inspectors	3	T	982
452021	Animal breeders	4	T	985
45202X	Animal breeders	3	T	984
452041	Graders and sorters, agricultural products	4	T	987
45204X	Graders and sorters, agricultural products	3	T	986
452091	Agricultural equipment operators	4	T	989
452092	Farmworkers and laborers, crop, nursery, and greenhouse	4	T	990
452093	Farmworkers, farm, ranch, and aquacultural animals	4	T	991
45209X	Miscellaneous agricultural workers	3	T	988
452XXX	Agricultural workers	2	T	981
453011	Fishers and related fishing workers	4	T	994
45301X	Fishers and related fishing workers	3	T	993
453021	Hunters and trappers	4	T	996
45302X	Hunters and trappers	3	T	995
453031	Fishing and hunting workers	4	T	998
45303X	Fishing and hunting workers	3	T	997
453XXX	Fishing and hunting workers	2	T	992
454011	Forest and conservation workers	4	T	1001
45401X	Forest and conservation workers	3	T	1000
454021	Fallers	4	T	1003
454022	Logging equipment operators	4	T	1004
45402X	Logging workers	3	T	1002
454XXX	Forest, conservation, and logging workers	2	T	999
45XXXX	Farming, fishing, and forestry occupations	1	T	977
471011	First-line supervisors of construction trades and extraction workers	4	T	1009
47101X	First-line supervisors of construction trades and extraction workers	3	T	1008
471XXX	Supervisors of construction and extraction workers	2	T	1007
472011	Boilermakers	4	T	1012
47201X	Boilermakers	3	T	1011
472021	Brickmasons and blockmasons	4	T	1014
472022	Stonemasons	4	T	1015
47202X	Brickmasons, blockmasons, and stonemasons	3	T	1013
472031	Carpenters	4	T	1017
47203X	Carpenters	3	T	1016
472041	Carpet installers	4	T	1019
472042	Floor layers, except carpet, wood, and hard tiles	4	T	1020
472043	Floor sanders and finishers	4	T	1021
472044	Tile and stone setters	4	T	1022
47204X	Carpet, floor, and tile installers and finishers	3	T	1018
472051	Cement masons and concrete finishers	4	T	1024
47205X	Cement masons, concrete finishers, and terrazzo workers	3	T	1023
472061	Construction laborers	4	T	1027
47206X	Construction laborers	3	T	1026
472071	Paving, surfacing, and tamping equipment operators	4	T	1029
472072	Pile driver operators	4	T	1030
472073	Operating engineers and other construction equipment operators	4	T	1031
47207X	Construction equipment operators	3	T	1028
472081	Drywall and ceiling tile installers	4	T	1033
47208X	Drywall installers, ceiling tile installers, and tapers	3	T	1032
472111	Electricians	4	T	1036
47211X	Electricians	3	T	1035
472121	Glaziers	4	T	1038
47212X	Glaziers	3	T	1037
472131	Insulation workers, floor, ceiling, and wall	4	T	1040
472132	Insulation workers, mechanical	4	T	1041
47213X	Insulation workers	3	T	1039
472141	Painters, construction and maintenance	4	T	1043
472142	Paperhangers	4	T	1044
47214X	Painters and paperhangers	3	T	1042
472151	Pipelayers	4	T	1046
472152	Plumbers, pipefitters, and steamfitters	4	T	1047
47215X	Pipelayers, plumbers, pipefitters, and steamfitters	3	T	1045
472161	Plasterers and stucco masons	4	T	1049
47216X	Plasterers and stucco masons	3	T	1048
472171	Reinforcing iron and rebar workers	4	T	1051
47217X	Reinforcing iron and rebar workers	3	T	1050
472181	Roofers	4	T	1053
47218X	Roofers	3	T	1052
472211	Sheet metal workers	4	T	1055
47221X	Sheet metal workers	3	T	1054
472221	Structural iron and steel workers	4	T	1057
47222X	Structural iron and steel workers	3	T	1056
472231	Solar photovoltaic installers	4	T	1059
47223X	Solar photovoltaic installers	3	T	1058
472XXX	Construction trades workers	2	T	1010
473011	Helpers--brickmasons, blockmasons, stonemasons, and tile and marble setters	4	T	1062
473012	Helpers--carpenters	4	T	1063
473013	Helpers--electricians	4	T	1064
473015	Helpers--pipelayers, plumbers, pipefitters, and steamfitters	4	T	1066
473016	Helpers--roofers	4	T	1067
47301X	Helpers, construction trades	3	T	1061
473XXX	Helpers, construction trades	2	T	1060
474011	Construction and building inspectors	4	T	1070
47401X	Construction and building inspectors	3	T	1069
474021	Elevator and escalator installers and repairers	4	T	1072
47402X	Elevator and escalator installers and repairers	3	T	1071
474031	Fence erectors	4	T	1074
47403X	Fence erectors	3	T	1073
474041	Hazardous materials removal workers	4	T	1076
47404X	Hazardous materials removal workers	3	T	1075
474051	Highway maintenance workers	4	T	1078
47405X	Highway maintenance workers	3	T	1077
474061	Rail-track laying and maintenance equipment operators	4	T	1080
47406X	Rail-track laying and maintenance equipment operators	3	T	1079
474071	Septic tank servicers and sewer pipe cleaners	4	T	1082
47407X	Septic tank servicers and sewer pipe cleaners	3	T	1081
47409X	Miscellaneous construction and related workers	3	T	1083
474XXX	Other construction and related workers	2	T	1068
475011	Derrick operators, oil and gas	4	T	1087
475012	Rotary drill operators, oil and gas	4	T	1088
475013	Service unit operators, oil and gas	4	T	1089
47501X	Derrick, rotary drill, and service unit operators, oil and gas	3	T	1086
475021	Earth drillers, except oil and gas	4	T	1091
475022	Excavating and loading machine and dragline operators, surface mining	4	T	1092
475023	Earth drillers, except oil and gas	4	T	1093
47502X	Surface mining machine operators and earth drillers	3	T	1090
475031	Explosives workers, ordnance handling experts, and blasters	4	T	1095
475032	Explosives workers, ordnance handling experts, and blasters	4	T	1096
47503X	Explosives workers, ordnance handling experts, and blasters	3	T	1094
475041	Continuous mining machine operators	4	T	1098
475042	Mine cutting and channeling machine operators	4	T	1099
475044	Loading and moving machine operators, underground mining	4	T	1101
47504X	Underground mining machine operators	3	T	1097
475051	Rock splitters, quarry	4	T	1103
47505X	Rock splitters, quarry	3	T	1102
475061	Roof bolters, mining	4	T	1105
47506X	Roof bolters, mining	3	T	1104
475071	Roustabouts, oil and gas	4	T	1107
47507X	Roustabouts, oil and gas	3	T	1106
475081	Helpers--extraction workers	4	T	1109
47508X	Helpers--extraction workers	3	T	1108
47509X	Miscellaneous extraction workers	3	T	1110
475XXX	Extraction workers	2	T	1085
47XXXX	Construction and extraction occupations	1	T	1006
491011	First-line supervisors of mechanics, installers, and repairers	4	T	1114
49101X	First-line supervisors of mechanics, installers, and repairers	3	T	1113
491XXX	Supervisors of installation, maintenance, and repair workers	2	T	1112
492011	Computer, automated teller, and office machine repairers	4	T	1117
49201X	Computer, automated teller, and office machine repairers	3	T	1116
492021	Radio, cellular, and tower equipment installers and repairers	4	T	1119
492022	Telecommunications equipment installers and repairers, except line installers	4	T	1120
49202X	Radio and telecommunications equipment installers and repairers	3	T	1118
492092	Electric motor, power tool, and related repairers	4	T	1123
492093	Electrical and electronics installers and repairers, transportation equipment	4	T	1124
492094	Electrical and electronics repairers, commercial and industrial equipment	4	T	1125
492095	Electrical and electronics repairers, powerhouse, substation, and relay	4	T	1126
492096	Electronic equipment installers and repairers, motor vehicles	4	T	1127
492097	Audiovisual equipment installers and repairers	4	T	1128
492098	Security and fire alarm systems installers	4	T	1129
49209X	Miscellaneous electrical and electronic equipment mechanics, installers, and repairers	3	T	1121
492XXX	Electrical and electronic equipment mechanics, installers, and repairers	2	T	1115
493011	Aircraft mechanics and service technicians	4	T	1132
49301X	Aircraft mechanics and service technicians	3	T	1131
493021	Automotive body and related repairers	4	T	1134
493022	Automotive glass installers and repairers	4	T	1135
493023	Automotive service technicians and mechanics	4	T	1136
49302X	Automotive technicians and repairers	3	T	1133
493031	Bus and truck mechanics and diesel engine specialists	4	T	1138
49303X	Bus and truck mechanics and diesel engine specialists	3	T	1137
493041	Farm equipment mechanics and service technicians	4	T	1140
493042	Mobile heavy equipment mechanics, except engines	4	T	1141
493043	Rail car repairers	4	T	1142
49304X	Heavy vehicle and mobile equipment service technicians and mechanics	3	T	1139
493051	Motorboat mechanics and service technicians	4	T	1144
493052	Motorcycle mechanics	4	T	1145
493053	Outdoor power equipment and other small engine mechanics	4	T	1146
49305X	Small engine mechanics	3	T	1143
493091	Bicycle repairers	4	T	1148
493092	Recreational vehicle service technicians	4	T	1149
493093	Tire repairers and changers	4	T	1150
49309X	Miscellaneous vehicle and mobile equipment mechanics, installers, and repairers	3	T	1147
493XXX	Vehicle and mobile equipment mechanics, installers, and repairers	2	T	1130
499011	Mechanical door repairers	4	T	1153
499012	Control and valve installers and repairers, except mechanical door	4	T	1154
49901X	Control and valve installers and repairers	3	T	1152
499021	Heating, air conditioning, and refrigeration mechanics and installers	4	T	1156
49902X	Heating, air conditioning, and refrigeration mechanics and installers	3	T	1155
499031	Home appliance repairers	4	T	1158
49903X	Home appliance repairers	3	T	1157
499041	Industrial machinery mechanics	4	T	1160
499043	Maintenance workers, machinery	4	T	1161
499044	Millwrights	4	T	1162
499045	Refractory materials repairers, except brickmasons	4	T	1163
49904X	Industrial machinery installation, repair, and maintenance workers	3	T	1159
499051	Electrical power-line installers and repairers	4	T	1165
499052	Telecommunications line installers and repairers	4	T	1166
49905X	Line installers and repairers	3	T	1164
499064	Watch and clock repairers	4	T	1171
49906X	Precision instrument and equipment repairers	3	T	1167
499071	Maintenance and repair workers, general	4	T	1173
49907X	Maintenance and repair workers, general	3	T	1172
499091	Coin, vending, and amusement machine servicers and repairers	4	T	1177
499092	Commercial divers	4	T	1178
499094	Locksmiths and safe repairers	4	T	1180
499095	Manufactured building and mobile home installers	4	T	1181
499096	Riggers	4	T	1182
499097	Signal and track switch repairers	4	T	1183
499098	Helpers--installation, maintenance, and repair workers	4	T	1184
49909X	Miscellaneous installation, maintenance, and repair workers	3	T	1176
499XXX	Other installation, maintenance, and repair occupations	2	T	1151
49XXXX	Installation, maintenance, and repair occupations	1	T	1111
511011	First-line supervisors of production and operating workers	4	T	1188
51101X	First-line supervisors of production and operating workers	3	T	1187
511XXX	Supervisors of production workers	2	T	1186
512022	Electrical and electronic equipment assemblers	4	T	1194
512023	Electromechanical equipment assemblers	4	T	1195
51202X	Electrical, electronics, and electromechanical assemblers	3	T	1192
512031	Engine and other machine assemblers	4	T	1197
51203X	Engine and other machine assemblers	3	T	1196
512041	Structural metal fabricators and fitters	4	T	1199
51204X	Structural metal fabricators and fitters	3	T	1198
512091	Fiberglass laminators and fabricators	4	T	1205
512092	Team assemblers	4	T	1206
51209X	Miscellaneous assemblers and fabricators	3	T	1204
512XXX	Assemblers and fabricators	2	T	1189
513011	Bakers	4	T	1210
51301X	Bakers	3	T	1209
513021	Butchers and meat cutters	4	T	1212
513022	Meat, poultry, and fish cutters and trimmers	4	T	1213
513023	Slaughterers and meat packers	4	T	1214
51302X	Butchers and other meat, poultry, and fish processing workers	3	T	1211
513092	Food batchmakers	4	T	1217
513093	Food cooking machine operators and tenders	4	T	1218
51309X	Miscellaneous food processing workers	3	T	1215
513XXX	Food processing workers	2	T	1208
514011	Computer-controlled machine tool operators, metal and plastic	4	T	1221
51401X	Computer control programmers and operators	3	T	1220
514021	Extruding and drawing machine setters, operators, and tenders, metal and plastic	4	T	1224
514022	Forging machine setters, operators, and tenders, metal and plastic	4	T	1225
514023	Rolling machine setters, operators, and tenders, metal and plastic	4	T	1226
51402X	Forming machine setters, operators, and tenders, metal and plastic	3	T	1223
514031	Cutting, punching, and press machine setters, operators, and tenders, metal and plastic	4	T	1228
514032	Drilling and boring machine tool setters, operators, and tenders, metal and plastic	4	T	1229
514033	Grinding, lapping, polishing, and buffing machine tool setters, operators, and tenders, metal and plastic	4	T	1230
51403X	Machine tool cutting setters, operators, and tenders, metal and plastic	3	T	1227
514041	Machinists	4	T	1234
51404X	Machinists	3	T	1233
514051	Metal-refining furnace operators and tenders	4	T	1236
514052	Pourers and casters, metal	4	T	1237
51405X	Metal furnace operators, tenders, pourers, and casters	3	T	1235
514071	Foundry mold and coremakers	4	T	1242
514072	Molding, coremaking, and casting machine setters, operators, and tenders, metal and plastic	4	T	1243
51407X	Molders and molding machine setters, operators, and tenders, metal and plastic	3	T	1241
514081	Multiple machine tool setters, operators, and tenders, metal and plastic	4	T	1245
51408X	Multiple machine tool setters, operators, and tenders, metal and plastic	3	T	1244
514111	Tool and die makers	4	T	1247
51411X	Tool and die makers	3	T	1246
514121	Welders, cutters, solderers, and brazers	4	T	1249
514122	Welding, soldering, and brazing machine setters, operators, and tenders	4	T	1250
51412X	Welding, soldering, and brazing workers	3	T	1248
514191	Heat treating equipment setters, operators, and tenders, metal and plastic	4	T	1252
514193	Plating machine setters, operators, and tenders, metal and plastic	4	T	1254
51419X	Miscellaneous metal workers and plastic workers	3	T	1251
514XXX	Metal workers and plastic workers	2	T	1219
515112	Printing press operators	4	T	1259
51511X	Printing workers	3	T	1257
5151XX	Printing workers	3	T	1256
516011	Laundry and dry-cleaning workers	4	T	1263
51601X	Laundry and dry-cleaning workers	3	T	1262
516031	Sewing machine operators	4	T	1267
51603X	Sewing machine operators	3	T	1266
516041	Shoe and leather workers and repairers	4	T	1269
51604X	Shoe and leather workers	3	T	1268
516061	Textile bleaching and dyeing machine operators and tenders	4	T	1275
516063	Textile knitting and weaving machine setters, operators, and tenders	4	T	1277
51606X	Textile machine setters, operators, and tenders	3	T	1274
516093	Upholsterers	4	T	1282
51609X	Miscellaneous textile, apparel, and furnishings workers	3	T	1279
516XXX	Textile, apparel, and furnishings workers	2	T	1261
517011	Cabinetmakers and bench carpenters	4	T	1285
51701X	Cabinetmakers and bench carpenters	3	T	1284
517021	Furniture finishers	4	T	1287
51702X	Furniture finishers	3	T	1286
517041	Sawing machine setters, operators, and tenders, wood	4	T	1292
517042	Woodworking machine setters, operators, and tenders, except sawing	4	T	1293
51704X	Woodworking machine setters, operators, and tenders	3	T	1291
517XXX	Woodworkers	2	T	1283
518013	Power plant operators	4	T	1299
51801X	Power plant operators, distributors, and dispatchers	3	T	1296
518021	Stationary engineers and boiler operators	4	T	1301
51802X	Stationary engineers and boiler operators	3	T	1300
518031	Water and wastewater treatment plant and system operators	4	T	1303
51803X	Water and wastewater treatment plant and system operators	3	T	1302
518091	Chemical plant and system operators	4	T	1305
518093	Petroleum pump system operators, refinery operators, and gaugers	4	T	1307
51809X	Miscellaneous plant and system operators	3	T	1304
518XXX	Plant and system operators	2	T	1295
519011	Chemical equipment operators and tenders	4	T	1310
519012	Separating, filtering, clarifying, precipitating, and still machine setters, operators, and tenders	4	T	1311
51901X	Chemical processing machine setters, operators, and tenders	3	T	1309
519021	Crushing, grinding, and polishing machine setters, operators, and tenders	4	T	1313
519022	Grinding and polishing workers, hand	4	T	1314
519023	Mixing and blending machine setters, operators, and tenders	4	T	1315
51902X	Crushing, grinding, polishing, mixing, and blending workers	3	T	1312
519032	Cutting and slicing machine setters, operators, and tenders	4	T	1318
51903X	Cutting workers	3	T	1316
519041	Extruding, forming, pressing, and compacting machine setters, operators, and tenders	4	T	1320
51904X	Extruding, forming, pressing, and compacting machine setters, operators, and tenders	3	T	1319
519051	Furnace, kiln, oven, drier, and kettle operators and tenders	4	T	1322
51905X	Furnace, kiln, oven, drier, and kettle operators and tenders	3	T	1321
519061	Inspectors, testers, sorters, samplers, and weighers	4	T	1324
51906X	Inspectors, testers, sorters, samplers, and weighers	3	T	1323
519071	Jewelers and precious stone and metal workers	4	T	1326
51907X	Jewelers and precious stone and metal workers	3	T	1325
519111	Packaging and filling machine operators and tenders	4	T	1332
51911X	Packaging and filling machine operators and tenders	3	T	1331
519121	Coating, painting, and spraying machine setters, operators, and tenders	4	T	1334
519122	Painters, transportation equipment	4	T	1335
519123	Painting, coating, and decorating workers	4	T	1336
519124	Coating, painting, and spraying machine setters, operators, and tenders	4	T	1337
51912X	Painting workers	3	T	1333
519141	Semiconductor processing technicians	4	T	1339
51914X	Semiconductor processing technicians	3	T	1338
519192	Cleaning, washing, and metal pickling equipment operators and tenders	4	T	1347
519193	Cooling and freezing equipment operators and tenders	4	T	1348
519194	Etchers and engravers	4	T	1349
519195	Molders, shapers, and casters, except metal and plastic	4	T	1350
519196	Paper goods machine setters, operators, and tenders	4	T	1351
519197	Tire builders	4	T	1352
519198	Helpers--production workers	4	T	1353
51919X	Miscellaneous production workers	3	T	1345
519XXX	Other production occupations	2	T	1308
51XXXX	Production occupations	1	T	1185
531011	Aircraft cargo handling supervisors	4	T	1357
53101X	Aircraft cargo handling supervisors	3	T	1356
531021	First-line supervisors of helpers, laborers, and material movers, hand	4	T	1359
53102X	First-line supervisors of helpers, laborers, and material movers, hand	3	T	1358
531031	First-line supervisors of transportation and material-moving machine and vehicle operators	4	T	1361
53103X	First-line supervisors of transportation and material-moving machine and vehicle operators	3	T	1360
531042	First-line supervisors of helpers, laborers, and material movers, hand	4	T	1364
531043	First-line supervisors of material-moving machine and vehicle operators	4	T	1365
53104X	First-line supervisors of transportation and material moving workers	3	T	1362
531XXX	Supervisors of transportation and material moving workers	2	T	1355
532011	Airline pilots, copilots, and flight engineers	4	T	1369
532012	Commercial pilots	4	T	1370
53201X	Aircraft pilots and flight engineers	3	T	1368
532031	Flight attendants	4	T	1375
53203X	Flight attendants	3	T	1374
532XXX	Air transportation workers	2	T	1367
533011	Ambulance drivers and attendants, except emergency medical technicians	4	T	1378
53301X	Ambulance drivers and attendants, except emergency medical technicians	3	T	1377
533021	Bus drivers, transit and intercity	4	T	1380
533022	Bus drivers, school or special client	4	T	1381
53302X	Bus drivers	3	T	1379
533031	Driver/sales workers	4	T	1383
533032	Heavy and tractor-trailer truck drivers	4	T	1384
533033	Light truck drivers	4	T	1385
53303X	Driver/sales workers and truck drivers	3	T	1382
533041	Taxi drivers and chauffeurs	4	T	1387
53304X	Taxi drivers and chauffeurs	3	T	1386
533051	Bus drivers, school	4	T	1389
533052	Bus drivers, transit and intercity	4	T	1390
533053	Shuttle drivers and chauffeurs	4	T	1391
533054	Taxi drivers	4	T	1392
53305X	Passenger vehicle drivers	3	T	1388
53309X	Miscellaneous motor vehicle operators	3	T	1393
533XXX	Motor vehicle operators	2	T	1376
534011	Locomotive engineers	4	T	1396
534013	Rail yard engineers, dinkey operators, and hostlers	4	T	1398
53401X	Locomotive engineers and operators	3	T	1395
534021	Railroad brake, signal, and switch operators	4	T	1400
53402X	Railroad brake, signal, and switch operators and locomotive firers	3	T	1399
534031	Railroad conductors and yardmasters	4	T	1403
53403X	Railroad conductors and yardmasters	3	T	1402
534041	Subway and streetcar operators	4	T	1405
53404X	Subway and streetcar operators	3	T	1404
53409X	Miscellaneous rail transportation workers	3	T	1406
534XXX	Rail transportation workers	2	T	1394
535011	Sailors and marine oilers	4	T	1409
53501X	Sailors and marine oilers	3	T	1408
535021	Captains, mates, and pilots of water vessels	4	T	1411
535022	Motorboat operators	4	T	1412
53502X	Ship and boat captains and operators	3	T	1410
535031	Ship engineers	4	T	1414
53503X	Ship engineers	3	T	1413
535XXX	Water transportation workers	2	T	1407
536021	Parking attendants	4	T	1419
53602X	Parking attendants	3	T	1418
536031	Automotive and watercraft service attendants	4	T	1421
53603X	Transportation service attendants	3	T	1420
536041	Traffic technicians	4	T	1424
53604X	Traffic technicians	3	T	1423
536051	Transportation inspectors	4	T	1426
53605X	Transportation inspectors	3	T	1425
536061	Passenger attendants	4	T	1428
53606X	Passenger attendants	3	T	1427
53609X	Miscellaneous transportation workers	3	T	1429
536XXX	Other transportation workers	2	T	1415
537011	Conveyor operators and tenders	4	T	1432
53701X	Conveyor operators and tenders	3	T	1431
537021	Crane and tower operators	4	T	1434
53702X	Crane and tower operators	3	T	1433
537031	Dredge operators	4	T	1436
537032	Excavating and loading machine and dragline operators	4	T	1437
537033	Loading machine operators, underground mining	4	T	1438
53703X	Dredge operators	3	T	1435
537041	Hoist and winch operators	4	T	1440
53704X	Hoist and winch operators	3	T	1439
537051	Industrial truck and tractor operators	4	T	1442
53705X	Industrial truck and tractor operators	3	T	1441
537061	Cleaners of vehicles and equipment	4	T	1444
537062	Laborers and freight, stock, and material movers, hand	4	T	1445
537063	Machine feeders and offbearers	4	T	1446
537064	Packers and packagers, hand	4	T	1447
537065	Stockers and order fillers	4	T	1448
53706X	Laborers and material movers	3	T	1443
537071	Gas compressor and gas pumping station operators	4	T	1450
537072	Pump operators, except wellhead pumpers	4	T	1451
537073	Wellhead pumpers	4	T	1452
53707X	Pumping station operators	3	T	1449
537081	Refuse and recyclable material collectors	4	T	1454
53708X	Refuse and recyclable material collectors	3	T	1453
537111	Mine shuttle car operators	4	T	1456
53711X	Mine shuttle car operators	3	T	1455
537121	Tank car, truck, and ship loaders	4	T	1458
53712X	Tank car, truck, and ship loaders	3	T	1457
53719X	Miscellaneous material moving workers	3	T	1459
537XXX	Material moving workers	2	T	1430
53XXXX	Transportation and material moving occupations	1	T	1354
55XXXX	Military specific occupations	1	T	1460
